sample,total_seconds,press,press_seconds,focus,selected_index,node_grip,node_tip,node_pommel,resolved_tip,resolved_pommel,display_tip,display_pommel,weapon_pos,weapon_step,weapon_basis_step_degrees,dominant_error,dominant_finger_distance,dominant_readiness,collision_pose_legal,body_self_legal,right_hand_y_forearm_dot,left_hand_y_forearm_dot,right_hand_x_tip_plane_dot,left_hand_x_tip_plane_dot
1,0.0000,0,0.0000,pommel,1,grip_normal,(0.13569 -2.04885 1.35860),(0.00137 0.80146 1.70977),(0.06988 -2.14135 1.61434),(-0.06444 0.70896 1.96551),(0.06988 -2.14135 1.61434),(-0.06444 0.70896 1.96551),(-0.10475 1.89909 -0.13932),0.000000,0.000000,0.239311,0.063972,0.992384,true,true,1.000000,0.972929,0.999879,-0.965763
2,0.0167,1,0.0167,weapon,1,grip_normal,(0.13569 -2.04885 1.35860),(0.00137 0.80146 1.70977),(-0.06210 -2.17420 1.56708),(-0.19642 0.67611 1.91825),(-0.06210 -2.17420 1.56708),(-0.19642 0.67611 1.91825),(-0.21196 1.85183 -0.05562),0.143985,0.000000,0.245851,0.106848,0.788680,true,true,1.000000,0.972929,0.858863,-0.780935
3,0.0333,1,0.0333,weapon,1,grip_normal,(0.13569 -2.04885 1.35860),(0.00137 0.80146 1.70977),(-0.06210 -2.17420 1.56708),(-0.19642 0.67611 1.91825),(-0.06210 -2.17420 1.56708),(-0.19642 0.67611 1.91825),(-0.21196 1.85183 -0.05562),0.000000,0.000000,0.245851,0.106848,0.788680,true,true,1.000000,0.972929,0.858863,-0.780935
4,0.0500,1,0.0500,weapon,1,grip_normal,(0.13569 -2.04885 1.35860),(0.00137 0.80146 1.70977),(-0.06210 -2.17420 1.56708),(-0.19642 0.67611 1.91825),(-0.06210 -2.17420 1.56708),(-0.19642 0.67611 1.91825),(-0.21196 1.85183 -0.05562),0.000000,0.000000,0.245851,0.106848,0.788680,true,true,1.000000,0.972929,0.858863,-0.780935
5,0.0667,1,0.0667,weapon,1,grip_normal,(0.13569 -2.04885 1.35860),(0.00137 0.80146 1.70977),(-0.06210 -2.17420 1.56708),(-0.19642 0.67611 1.91825),(-0.06210 -2.17420 1.56708),(-0.19642 0.67611 1.91825),(-0.21196 1.85183 -0.05562),0.000000,0.000000,0.245851,0.106848,0.788680,true,true,1.000000,0.972929,0.858863,-0.780935
6,0.0833,1,0.0833,weapon,1,grip_normal,(0.13569 -2.04885 1.35860),(0.00137 0.80146 1.70977),(-0.06210 -2.17420 1.56708),(-0.19642 0.67611 1.91825),(-0.06210 -2.17420 1.56708),(-0.19642 0.67611 1.91825),(-0.21196 1.85183 -0.05562),0.000000,0.000000,0.245851,0.106848,0.788680,true,true,1.000000,0.972929,0.858863,-0.780935
7,0.1000,1,0.1000,weapon,1,grip_normal,(0.13569 -2.04885 1.35860),(0.00137 0.80146 1.70977),(-0.06210 -2.17420 1.56708),(-0.19642 0.67611 1.91825),(-0.06210 -2.17420 1.56708),(-0.19642 0.67611 1.91825),(-0.21196 1.85183 -0.05562),0.000000,0.000000,0.245851,0.106848,0.788680,true,true,1.000000,0.972929,0.858863,-0.780935
8,0.1167,1,0.1167,weapon,1,grip_normal,(0.13569 -2.04885 1.35860),(0.00137 0.80146 1.70977),(-0.06210 -2.17420 1.56708),(-0.19642 0.67611 1.91825),(-0.06210 -2.17420 1.56708),(-0.19642 0.67611 1.91825),(-0.21196 1.85183 -0.05562),0.000000,0.000000,0.245851,0.106848,0.788680,true,true,1.000000,0.972929,0.858863,-0.780935
9,0.1333,1,0.1333,weapon,1,grip_normal,(0.13569 -2.04885 1.35860),(0.00137 0.80146 1.70977),(-0.06210 -2.17420 1.56708),(-0.19642 0.67611 1.91825),(-0.06210 -2.17420 1.56708),(-0.19642 0.67611 1.91825),(-0.21196 1.85183 -0.05562),0.000000,0.000000,0.245851,0.106848,0.788680,true,true,1.000000,0.972929,0.858863,-0.780935
10,0.1500,1,0.1500,weapon,1,grip_normal,(0.13569 -2.04885 1.35860),(0.00137 0.80146 1.70977),(-0.06210 -2.17420 1.56708),(-0.19642 0.67611 1.91825),(-0.06210 -2.17420 1.56708),(-0.19642 0.67611 1.91825),(-0.21196 1.85183 -0.05562),0.000000,0.000000,0.245851,0.106848,0.788680,true,true,1.000000,0.972929,0.858863,-0.780935
11,0.1667,1,0.1667,weapon,1,grip_normal,(0.13569 -2.04885 1.35860),(0.00137 0.80146 1.70977),(-0.06210 -2.17420 1.56708),(-0.19642 0.67611 1.91825),(-0.06210 -2.17420 1.56708),(-0.19642 0.67611 1.91825),(-0.21196 1.85183 -0.05562),0.000000,0.000000,0.245851,0.106848,0.788680,true,true,1.000000,0.972929,0.858863,-0.780935
12,0.1833,1,0.1833,weapon,1,grip_normal,(0.13569 -2.04885 1.35860),(0.00137 0.80146 1.70977),(-0.06210 -2.17420 1.56708),(-0.19642 0.67611 1.91825),(-0.06210 -2.17420 1.56708),(-0.19642 0.67611 1.91825),(-0.21196 1.85183 -0.05562),0.000000,0.000000,0.245851,0.106848,0.788680,true,true,1.000000,0.972929,0.858863,-0.780935
13,0.2000,1,0.2000,weapon,1,grip_normal,(0.13569 -2.04885 1.35860),(0.00137 0.80146 1.70977),(-0.06210 -2.17420 1.56708),(-0.19642 0.67611 1.91825),(-0.06210 -2.17420 1.56708),(-0.19642 0.67611 1.91825),(-0.21196 1.85183 -0.05562),0.000000,0.000000,0.245851,0.106848,0.788680,true,true,1.000000,0.972929,0.858863,-0.780935
14,0.2167,1,0.2167,weapon,1,grip_normal,(0.13569 -2.04885 1.35860),(0.00137 0.80146 1.70977),(-0.06210 -2.17420 1.56708),(-0.19642 0.67611 1.91825),(-0.06210 -2.17420 1.56708),(-0.19642 0.67611 1.91825),(-0.21196 1.85183 -0.05562),0.000000,0.000000,0.245851,0.106848,0.788680,true,true,1.000000,0.972929,0.858863,-0.780935
15,0.2333,1,0.2333,weapon,1,grip_normal,(0.13569 -2.04885 1.35860),(0.00137 0.80146 1.70977),(-0.06210 -2.17420 1.56708),(-0.19642 0.67611 1.91825),(-0.06210 -2.17420 1.56708),(-0.19642 0.67611 1.91825),(-0.21196 1.85183 -0.05562),0.000000,0.000000,0.245851,0.106848,0.788680,true,true,1.000000,0.972929,0.858863,-0.780935
16,0.2500,1,0.2500,weapon,1,grip_normal,(0.13569 -2.04885 1.35860),(0.00137 0.80146 1.70977),(-0.06210 -2.17420 1.56708),(-0.19642 0.67611 1.91825),(-0.06210 -2.17420 1.56708),(-0.19642 0.67611 1.91825),(-0.21196 1.85183 -0.05562),0.000000,0.000000,0.245851,0.106848,0.788680,true,true,1.000000,0.972929,0.858863,-0.780935
17,0.2667,1,0.2667,weapon,1,grip_normal,(0.13569 -2.04885 1.35860),(0.00137 0.80146 1.70977),(-0.06210 -2.17420 1.56708),(-0.19642 0.67611 1.91825),(-0.06210 -2.17420 1.56708),(-0.19642 0.67611 1.91825),(-0.21196 1.85183 -0.05562),0.000000,0.000000,0.245851,0.106848,0.788680,true,true,1.000000,0.972929,0.858863,-0.780935
18,0.2833,1,0.2833,weapon,1,grip_normal,(0.13569 -2.04885 1.35860),(0.00137 0.80146 1.70977),(-0.06210 -2.17420 1.56708),(-0.19642 0.67611 1.91825),(-0.06210 -2.17420 1.56708),(-0.19642 0.67611 1.91825),(-0.21196 1.85183 -0.05562),0.000000,0.000000,0.245851,0.106848,0.788680,true,true,1.000000,0.972929,0.858863,-0.780935
19,0.3000,1,0.3000,weapon,1,grip_normal,(0.13569 -2.04885 1.35860),(0.00137 0.80146 1.70977),(-0.06210 -2.17420 1.56708),(-0.19642 0.67611 1.91825),(-0.06210 -2.17420 1.56708),(-0.19642 0.67611 1.91825),(-0.21196 1.85183 -0.05562),0.000000,0.000000,0.245851,0.106848,0.788680,true,true,1.000000,0.972929,0.858863,-0.780935
20,0.3167,1,0.3167,weapon,1,grip_normal,(0.13569 -2.04885 1.35860),(0.00137 0.80146 1.70977),(-0.06210 -2.17420 1.56708),(-0.19642 0.67611 1.91825),(-0.06210 -2.17420 1.56708),(-0.19642 0.67611 1.91825),(-0.21196 1.85183 -0.05562),0.000000,0.000000,0.245851,0.106848,0.788680,true,true,1.000000,0.972929,0.858863,-0.780935
21,0.3333,1,0.3333,weapon,1,grip_normal,(0.13569 -2.04885 1.35860),(0.00137 0.80146 1.70977),(-0.06210 -2.17420 1.56708),(-0.19642 0.67611 1.91825),(-0.06210 -2.17420 1.56708),(-0.19642 0.67611 1.91825),(-0.21196 1.85183 -0.05562),0.000000,0.000000,0.245851,0.106848,0.788680,true,true,1.000000,0.972929,0.858863,-0.780935
22,0.3500,1,0.3500,weapon,1,grip_normal,(0.13569 -2.04885 1.35860),(0.00137 0.80146 1.70977),(-0.06210 -2.17420 1.56708),(-0.19642 0.67611 1.91825),(-0.06210 -2.17420 1.56708),(-0.19642 0.67611 1.91825),(-0.21196 1.85183 -0.05562),0.000000,0.000000,0.245851,0.106848,0.788680,true,true,1.000000,0.972929,0.858863,-0.780935
23,0.3667,1,0.3667,weapon,1,grip_normal,(0.13569 -2.04885 1.35860),(0.00137 0.80146 1.70977),(-0.06210 -2.17420 1.56708),(-0.19642 0.67611 1.91825),(-0.06210 -2.17420 1.56708),(-0.19642 0.67611 1.91825),(-0.21196 1.85183 -0.05562),0.000000,0.000000,0.245851,0.106848,0.788680,true,true,1.000000,0.972929,0.858863,-0.780935
24,0.3833,1,0.3833,weapon,1,grip_normal,(0.13569 -2.04885 1.35860),(0.00137 0.80146 1.70977),(-0.06210 -2.17420 1.56708),(-0.19642 0.67611 1.91825),(-0.06210 -2.17420 1.56708),(-0.19642 0.67611 1.91825),(-0.21196 1.85183 -0.05562),0.000000,0.000000,0.245851,0.106848,0.788680,true,true,1.000000,0.972929,0.858863,-0.780935
25,0.4000,1,0.4000,weapon,1,grip_normal,(0.13569 -2.04885 1.35860),(0.00137 0.80146 1.70977),(-0.06210 -2.17420 1.56708),(-0.19642 0.67611 1.91825),(-0.06210 -2.17420 1.56708),(-0.19642 0.67611 1.91825),(-0.21196 1.85183 -0.05562),0.000000,0.000000,0.245851,0.106848,0.788680,true,true,1.000000,0.972929,0.858863,-0.780935
26,0.4167,1,0.4167,weapon,1,grip_normal,(0.13569 -2.04885 1.35860),(0.00137 0.80146 1.70977),(-0.06210 -2.17420 1.56708),(-0.19642 0.67611 1.91825),(-0.06210 -2.17420 1.56708),(-0.19642 0.67611 1.91825),(-0.21196 1.85183 -0.05562),0.000000,0.000000,0.245851,0.106848,0.788680,true,true,1.000000,0.972929,0.858863,-0.780935
27,0.4333,1,0.4333,weapon,1,grip_normal,(0.13569 -2.04885 1.35860),(0.00137 0.80146 1.70977),(-0.06210 -2.17420 1.56708),(-0.19642 0.67611 1.91825),(-0.06210 -2.17420 1.56708),(-0.19642 0.67611 1.91825),(-0.21196 1.85183 -0.05562),0.000000,0.000000,0.245851,0.106848,0.788680,true,true,1.000000,0.972929,0.858863,-0.780935
28,0.4500,1,0.4500,weapon,1,grip_normal,(0.13569 -2.04885 1.35860),(0.00137 0.80146 1.70977),(-0.06210 -2.17420 1.56708),(-0.19642 0.67611 1.91825),(-0.06210 -2.17420 1.56708),(-0.19642 0.67611 1.91825),(-0.21196 1.85183 -0.05562),0.000000,0.000000,0.245851,0.106848,0.788680,true,true,1.000000,0.972929,0.858863,-0.780935
29,0.4667,1,0.4667,weapon,1,grip_normal,(0.13569 -2.04885 1.35860),(0.00137 0.80146 1.70977),(-0.06210 -2.17420 1.56708),(-0.19642 0.67611 1.91825),(-0.06210 -2.17420 1.56708),(-0.19642 0.67611 1.91825),(-0.21196 1.85183 -0.05562),0.000000,0.000000,0.245851,0.106848,0.788680,true,true,1.000000,0.972929,0.858863,-0.780935
30,0.4833,1,0.4833,weapon,1,grip_normal,(0.13569 -2.04885 1.35860),(0.00137 0.80146 1.70977),(-0.06210 -2.17420 1.56708),(-0.19642 0.67611 1.91825),(-0.06210 -2.17420 1.56708),(-0.19642 0.67611 1.91825),(-0.21196 1.85183 -0.05562),0.000000,0.000000,0.245851,0.106848,0.788680,true,true,1.000000,0.972929,0.858863,-0.780935
31,0.5000,1,0.5000,weapon,1,grip_normal,(0.13569 -2.04885 1.35860),(0.00137 0.80146 1.70977),(-0.06210 -2.17420 1.56708),(-0.19642 0.67611 1.91825),(-0.06210 -2.17420 1.56708),(-0.19642 0.67611 1.91825),(-0.21196 1.85183 -0.05562),0.000000,0.000000,0.245851,0.106848,0.788680,true,true,1.000000,0.972929,0.858863,-0.780935
32,0.5167,1,0.5167,weapon,1,grip_normal,(0.13569 -2.04885 1.35860),(0.00137 0.80146 1.70977),(-0.06210 -2.17420 1.56708),(-0.19642 0.67611 1.91825),(-0.06210 -2.17420 1.56708),(-0.19642 0.67611 1.91825),(-0.21196 1.85183 -0.05562),0.000000,0.000000,0.245851,0.106848,0.788680,true,true,1.000000,0.972929,0.858863,-0.780935
33,0.5333,1,0.5333,weapon,1,grip_normal,(0.13569 -2.04885 1.35860),(0.00137 0.80146 1.70977),(-0.06210 -2.17420 1.56708),(-0.19642 0.67611 1.91825),(-0.06210 -2.17420 1.56708),(-0.19642 0.67611 1.91825),(-0.21196 1.85183 -0.05562),0.000000,0.000000,0.245851,0.106848,0.788680,true,true,1.000000,0.972929,0.858863,-0.780935
34,0.5500,1,0.5500,weapon,1,grip_normal,(0.13569 -2.04885 1.35860),(0.00137 0.80146 1.70977),(-0.06210 -2.17420 1.56708),(-0.19642 0.67611 1.91825),(-0.06210 -2.17420 1.56708),(-0.19642 0.67611 1.91825),(-0.21196 1.85183 -0.05562),0.000000,0.000000,0.245851,0.106848,0.788680,true,true,1.000000,0.972929,0.858863,-0.780935
35,0.5667,1,0.5667,weapon,1,grip_normal,(0.13569 -2.04885 1.35860),(0.00137 0.80146 1.70977),(-0.06210 -2.17420 1.56708),(-0.19642 0.67611 1.91825),(-0.06210 -2.17420 1.56708),(-0.19642 0.67611 1.91825),(-0.21196 1.85183 -0.05562),0.000000,0.000000,0.245851,0.106848,0.788680,true,true,1.000000,0.972929,0.858863,-0.780935
36,0.5833,1,0.5833,weapon,1,grip_normal,(0.13569 -2.04885 1.35860),(0.00137 0.80146 1.70977),(-0.06210 -2.17420 1.56708),(-0.19642 0.67611 1.91825),(-0.06210 -2.17420 1.56708),(-0.19642 0.67611 1.91825),(-0.21196 1.85183 -0.05562),0.000000,0.000000,0.245851,0.106848,0.788680,true,true,1.000000,0.972929,0.858863,-0.780935
37,0.6000,1,0.6000,weapon,1,grip_normal,(0.13569 -2.04885 1.35860),(0.00137 0.80146 1.70977),(-0.06210 -2.17420 1.56708),(-0.19642 0.67611 1.91825),(-0.06210 -2.17420 1.56708),(-0.19642 0.67611 1.91825),(-0.21196 1.85183 -0.05562),0.000000,0.000000,0.245851,0.106848,0.788680,true,true,1.000000,0.972929,0.858863,-0.780935
38,0.6167,1,0.6167,weapon,1,grip_normal,(0.13569 -2.04885 1.35860),(0.00137 0.80146 1.70977),(-0.06210 -2.17420 1.56708),(-0.19642 0.67611 1.91825),(-0.06210 -2.17420 1.56708),(-0.19642 0.67611 1.91825),(-0.21196 1.85183 -0.05562),0.000000,0.000000,0.245851,0.106848,0.788680,true,true,1.000000,0.972929,0.858863,-0.780935
39,0.6333,1,0.6333,weapon,1,grip_normal,(0.13569 -2.04885 1.35860),(0.00137 0.80146 1.70977),(-0.06210 -2.17420 1.56708),(-0.19642 0.67611 1.91825),(-0.06210 -2.17420 1.56708),(-0.19642 0.67611 1.91825),(-0.21196 1.85183 -0.05562),0.000000,0.000000,0.245851,0.106848,0.788680,true,true,1.000000,0.972929,0.858863,-0.780935
40,0.6500,1,0.6500,weapon,1,grip_normal,(0.13569 -2.04885 1.35860),(0.00137 0.80146 1.70977),(-0.06210 -2.17420 1.56708),(-0.19642 0.67611 1.91825),(-0.06210 -2.17420 1.56708),(-0.19642 0.67611 1.91825),(-0.21196 1.85183 -0.05562),0.000000,0.000000,0.245851,0.106848,0.788680,true,true,1.000000,0.972929,0.858863,-0.780935
41,0.6667,1,0.6667,weapon,1,grip_normal,(0.13569 -2.04885 1.35860),(0.00137 0.80146 1.70977),(-0.06210 -2.17420 1.56708),(-0.19642 0.67611 1.91825),(-0.06210 -2.17420 1.56708),(-0.19642 0.67611 1.91825),(-0.21196 1.85183 -0.05562),0.000000,0.000000,0.245851,0.106848,0.788680,true,true,1.000000,0.972929,0.858863,-0.780935
42,0.6833,1,0.6833,weapon,1,grip_normal,(0.13569 -2.04885 1.35860),(0.00137 0.80146 1.70977),(-0.06210 -2.17420 1.56708),(-0.19642 0.67611 1.91825),(-0.06210 -2.17420 1.56708),(-0.19642 0.67611 1.91825),(-0.21196 1.85183 -0.05562),0.000000,0.000000,0.245851,0.106848,0.788680,true,true,1.000000,0.972929,0.858863,-0.780935
43,0.7000,1,0.7000,weapon,1,grip_normal,(0.13569 -2.04885 1.35860),(0.00137 0.80146 1.70977),(-0.06210 -2.17420 1.56708),(-0.19642 0.67611 1.91825),(-0.06210 -2.17420 1.56708),(-0.19642 0.67611 1.91825),(-0.21196 1.85183 -0.05562),0.000000,0.000000,0.245851,0.106848,0.788680,true,true,1.000000,0.972929,0.858863,-0.780935
44,0.7167,1,0.7167,weapon,1,grip_normal,(0.13569 -2.04885 1.35860),(0.00137 0.80146 1.70977),(-0.06210 -2.17420 1.56708),(-0.19642 0.67611 1.91825),(-0.06210 -2.17420 1.56708),(-0.19642 0.67611 1.91825),(-0.21196 1.85183 -0.05562),0.000000,0.000000,0.245851,0.106848,0.788680,true,true,1.000000,0.972929,0.858863,-0.780935
45,0.7333,1,0.7333,weapon,1,grip_normal,(0.13569 -2.04885 1.35860),(0.00137 0.80146 1.70977),(-0.06210 -2.17420 1.56708),(-0.19642 0.67611 1.91825),(-0.06210 -2.17420 1.56708),(-0.19642 0.67611 1.91825),(-0.21196 1.85183 -0.05562),0.000000,0.000000,0.245851,0.106848,0.788680,true,true,1.000000,0.972929,0.858863,-0.780935
46,0.7500,1,0.7500,weapon,1,grip_normal,(0.13569 -2.04885 1.35860),(0.00137 0.80146 1.70977),(-0.06210 -2.17420 1.56708),(-0.19642 0.67611 1.91825),(-0.06210 -2.17420 1.56708),(-0.19642 0.67611 1.91825),(-0.21196 1.85183 -0.05562),0.000000,0.000000,0.245851,0.106848,0.788680,true,true,1.000000,0.972929,0.858863,-0.780935
47,0.7667,1,0.7667,weapon,1,grip_normal,(0.13569 -2.04885 1.35860),(0.00137 0.80146 1.70977),(-0.06210 -2.17420 1.56708),(-0.19642 0.67611 1.91825),(-0.06210 -2.17420 1.56708),(-0.19642 0.67611 1.91825),(-0.21196 1.85183 -0.05562),0.000000,0.000000,0.245851,0.106848,0.788680,true,true,1.000000,0.972929,0.858863,-0.780935
48,0.7833,1,0.7833,weapon,1,grip_normal,(0.13569 -2.04885 1.35860),(0.00137 0.80146 1.70977),(-0.06210 -2.17420 1.56708),(-0.19642 0.67611 1.91825),(-0.06210 -2.17420 1.56708),(-0.19642 0.67611 1.91825),(-0.21196 1.85183 -0.05562),0.000000,0.000000,0.245851,0.106848,0.788680,true,true,1.000000,0.972929,0.858863,-0.780935
49,0.8000,1,0.8000,weapon,1,grip_normal,(0.13569 -2.04885 1.35860),(0.00137 0.80146 1.70977),(-0.06210 -2.17420 1.56708),(-0.19642 0.67611 1.91825),(-0.06210 -2.17420 1.56708),(-0.19642 0.67611 1.91825),(-0.21196 1.85183 -0.05562),0.000000,0.000000,0.245851,0.106848,0.788680,true,true,1.000000,0.972929,0.858863,-0.780935
50,0.8167,1,0.8167,weapon,1,grip_normal,(0.13569 -2.04885 1.35860),(0.00137 0.80146 1.70977),(-0.06210 -2.17420 1.56708),(-0.19642 0.67611 1.91825),(-0.06210 -2.17420 1.56708),(-0.19642 0.67611 1.91825),(-0.21196 1.85183 -0.05562),0.000000,0.000000,0.245851,0.106848,0.788680,true,true,1.000000,0.972929,0.858863,-0.780935
51,0.8333,1,0.8333,weapon,1,grip_normal,(0.13569 -2.04885 1.35860),(0.00137 0.80146 1.70977),(-0.06210 -2.17420 1.56708),(-0.19642 0.67611 1.91825),(-0.06210 -2.17420 1.56708),(-0.19642 0.67611 1.91825),(-0.21196 1.85183 -0.05562),0.000000,0.000000,0.245851,0.106848,0.788680,true,true,1.000000,0.972929,0.858863,-0.780935
52,0.8500,1,0.8500,weapon,1,grip_normal,(0.13569 -2.04885 1.35860),(0.00137 0.80146 1.70977),(-0.06210 -2.17420 1.56708),(-0.19642 0.67611 1.91825),(-0.06210 -2.17420 1.56708),(-0.19642 0.67611 1.91825),(-0.21196 1.85183 -0.05562),0.000000,0.000000,0.245851,0.106848,0.788680,true,true,1.000000,0.972929,0.858863,-0.780935
53,0.8667,1,0.8667,weapon,1,grip_normal,(0.13569 -2.04885 1.35860),(0.00137 0.80146 1.70977),(-0.06210 -2.17420 1.56708),(-0.19642 0.67611 1.91825),(-0.06210 -2.17420 1.56708),(-0.19642 0.67611 1.91825),(-0.21196 1.85183 -0.05562),0.000000,0.000000,0.245851,0.106848,0.788680,true,true,1.000000,0.972929,0.858863,-0.780935
54,0.8833,1,0.8833,weapon,1,grip_normal,(0.13569 -2.04885 1.35860),(0.00137 0.80146 1.70977),(-0.06210 -2.17420 1.56708),(-0.19642 0.67611 1.91825),(-0.06210 -2.17420 1.56708),(-0.19642 0.67611 1.91825),(-0.21196 1.85183 -0.05562),0.000000,0.000000,0.245851,0.106848,0.788680,true,true,1.000000,0.972929,0.858863,-0.780935
55,0.9000,1,0.9000,weapon,1,grip_normal,(0.13569 -2.04885 1.35860),(0.00137 0.80146 1.70977),(-0.06210 -2.17420 1.56708),(-0.19642 0.67611 1.91825),(-0.06210 -2.17420 1.56708),(-0.19642 0.67611 1.91825),(-0.21196 1.85183 -0.05562),0.000000,0.000000,0.245851,0.106848,0.788680,true,true,1.000000,0.972929,0.858863,-0.780935
56,0.9167,1,0.9167,weapon,1,grip_normal,(0.13569 -2.04885 1.35860),(0.00137 0.80146 1.70977),(-0.06210 -2.17420 1.56708),(-0.19642 0.67611 1.91825),(-0.06210 -2.17420 1.56708),(-0.19642 0.67611 1.91825),(-0.21196 1.85183 -0.05562),0.000000,0.000000,0.245851,0.106848,0.788680,true,true,1.000000,0.972929,0.858863,-0.780935
57,0.9333,1,0.9333,weapon,1,grip_normal,(0.13569 -2.04885 1.35860),(0.00137 0.80146 1.70977),(-0.06210 -2.17420 1.56708),(-0.19642 0.67611 1.91825),(-0.06210 -2.17420 1.56708),(-0.19642 0.67611 1.91825),(-0.21196 1.85183 -0.05562),0.000000,0.000000,0.245851,0.106848,0.788680,true,true,1.000000,0.972929,0.858863,-0.780935
58,0.9500,1,0.9500,weapon,1,grip_normal,(0.13569 -2.04885 1.35860),(0.00137 0.80146 1.70977),(-0.06210 -2.17420 1.56708),(-0.19642 0.67611 1.91825),(-0.06210 -2.17420 1.56708),(-0.19642 0.67611 1.91825),(-0.21196 1.85183 -0.05562),0.000000,0.000000,0.245851,0.106848,0.788680,true,true,1.000000,0.972929,0.858863,-0.780935
59,0.9667,1,0.9667,weapon,1,grip_normal,(0.13569 -2.04885 1.35860),(0.00137 0.80146 1.70977),(-0.06210 -2.17420 1.56708),(-0.19642 0.67611 1.91825),(-0.06210 -2.17420 1.56708),(-0.19642 0.67611 1.91825),(-0.21196 1.85183 -0.05562),0.000000,0.000000,0.245851,0.106848,0.788680,true,true,1.000000,0.972929,0.858863,-0.780935
60,0.9833,1,0.9833,weapon,1,grip_normal,(0.13569 -2.04885 1.35860),(0.00137 0.80146 1.70977),(-0.06210 -2.17420 1.56708),(-0.19642 0.67611 1.91825),(-0.06210 -2.17420 1.56708),(-0.19642 0.67611 1.91825),(-0.21196 1.85183 -0.05562),0.000000,0.000000,0.245851,0.106848,0.788680,true,true,1.000000,0.972929,0.858863,-0.780935
61,1.0000,1,1.0000,weapon,1,grip_normal,(0.13569 -2.04885 1.35860),(0.00137 0.80146 1.70977),(-0.06210 -2.17420 1.56708),(-0.19642 0.67611 1.91825),(-0.06210 -2.17420 1.56708),(-0.19642 0.67611 1.91825),(-0.21196 1.85183 -0.05562),0.000000,0.000000,0.245851,0.106848,0.788680,true,true,1.000000,0.972929,0.858863,-0.780935
62,1.0167,2,0.0167,tip,1,grip_normal,(0.13569 -2.04885 1.35860),(0.00137 0.80146 1.70977),(-0.05672 -2.11877 1.51793),(-0.19104 0.73154 1.86910),(-0.05672 -2.11877 1.51793),(-0.19104 0.73154 1.86910),(-0.22960 1.80268 -0.10845),0.074281,0.000000,0.255057,0.109745,0.767640,true,true,1.000000,0.972929,0.972235,-0.765823
63,1.0333,2,0.0333,tip,1,grip_normal,(0.13569 -2.04885 1.35860),(0.00137 0.80146 1.70977),(-0.05672 -2.11877 1.51793),(-0.19104 0.73154 1.86910),(-0.05672 -2.11877 1.51793),(-0.19104 0.73154 1.86910),(-0.22960 1.80268 -0.10845),0.000000,0.000000,0.255057,0.109745,0.767640,true,true,1.000000,0.972929,0.972235,-0.765823
64,1.0500,2,0.0500,tip,1,grip_normal,(0.13569 -2.04885 1.35860),(0.00137 0.80146 1.70977),(-0.05672 -2.11877 1.51793),(-0.19104 0.73154 1.86910),(-0.05672 -2.11877 1.51793),(-0.19104 0.73154 1.86910),(-0.22960 1.80268 -0.10845),0.000000,0.000000,0.255057,0.109745,0.767640,true,true,1.000000,0.972929,0.972235,-0.765823
65,1.0667,2,0.0667,tip,1,grip_normal,(0.13569 -2.04885 1.35860),(0.00137 0.80146 1.70977),(-0.05672 -2.11877 1.51793),(-0.19104 0.73154 1.86910),(-0.05672 -2.11877 1.51793),(-0.19104 0.73154 1.86910),(-0.22960 1.80268 -0.10845),0.000000,0.000000,0.255057,0.109745,0.767640,true,true,1.000000,0.972929,0.972235,-0.765823
66,1.0833,2,0.0833,tip,1,grip_normal,(0.13569 -2.04885 1.35860),(0.00137 0.80146 1.70977),(-0.05672 -2.11877 1.51793),(-0.19104 0.73154 1.86910),(-0.05672 -2.11877 1.51793),(-0.19104 0.73154 1.86910),(-0.22960 1.80268 -0.10845),0.000000,0.000000,0.255057,0.109745,0.767640,true,true,1.000000,0.972929,0.972235,-0.765823
67,1.1000,2,0.1000,tip,1,grip_normal,(0.13569 -2.04885 1.35860),(0.00137 0.80146 1.70977),(-0.05672 -2.11877 1.51793),(-0.19104 0.73154 1.86910),(-0.05672 -2.11877 1.51793),(-0.19104 0.73154 1.86910),(-0.22960 1.80268 -0.10845),0.000000,0.000000,0.255057,0.109745,0.767640,true,true,1.000000,0.972929,0.972235,-0.765823
68,1.1167,2,0.1167,tip,1,grip_normal,(0.13569 -2.04885 1.35860),(0.00137 0.80146 1.70977),(-0.05672 -2.11877 1.51793),(-0.19104 0.73154 1.86910),(-0.05672 -2.11877 1.51793),(-0.19104 0.73154 1.86910),(-0.22960 1.80268 -0.10845),0.000000,0.000000,0.255057,0.109745,0.767640,true,true,1.000000,0.972929,0.972235,-0.765823
69,1.1333,2,0.1333,tip,1,grip_normal,(0.13569 -2.04885 1.35860),(0.00137 0.80146 1.70977),(-0.05672 -2.11877 1.51793),(-0.19104 0.73154 1.86910),(-0.05672 -2.11877 1.51793),(-0.19104 0.73154 1.86910),(-0.22960 1.80268 -0.10845),0.000000,0.000000,0.255057,0.109745,0.767640,true,true,1.000000,0.972929,0.972235,-0.765823
70,1.1500,2,0.1500,tip,1,grip_normal,(0.13569 -2.04885 1.35860),(0.00137 0.80146 1.70977),(-0.05672 -2.11877 1.51793),(-0.19104 0.73154 1.86910),(-0.05672 -2.11877 1.51793),(-0.19104 0.73154 1.86910),(-0.22960 1.80268 -0.10845),0.000000,0.000000,0.255057,0.109745,0.767640,true,true,1.000000,0.972929,0.972235,-0.765823
71,1.1667,2,0.1667,tip,1,grip_normal,(0.13569 -2.04885 1.35860),(0.00137 0.80146 1.70977),(-0.05672 -2.11877 1.51793),(-0.19104 0.73154 1.86910),(-0.05672 -2.11877 1.51793),(-0.19104 0.73154 1.86910),(-0.22960 1.80268 -0.10845),0.000000,0.000000,0.255057,0.109745,0.767640,true,true,1.000000,0.972929,0.972235,-0.765823
72,1.1833,2,0.1833,tip,1,grip_normal,(0.13569 -2.04885 1.35860),(0.00137 0.80146 1.70977),(-0.05672 -2.11877 1.51793),(-0.19104 0.73154 1.86910),(-0.05672 -2.11877 1.51793),(-0.19104 0.73154 1.86910),(-0.22960 1.80268 -0.10845),0.000000,0.000000,0.255057,0.109745,0.767640,true,true,1.000000,0.972929,0.972235,-0.765823
73,1.2000,2,0.2000,tip,1,grip_normal,(0.13569 -2.04885 1.35860),(0.00137 0.80146 1.70977),(-0.05672 -2.11877 1.51793),(-0.19104 0.73154 1.86910),(-0.05672 -2.11877 1.51793),(-0.19104 0.73154 1.86910),(-0.22960 1.80268 -0.10845),0.000000,0.000000,0.255057,0.109745,0.767640,true,true,1.000000,0.972929,0.972235,-0.765823
74,1.2167,2,0.2167,tip,1,grip_normal,(0.13569 -2.04885 1.35860),(0.00137 0.80146 1.70977),(-0.05672 -2.11877 1.51793),(-0.19104 0.73154 1.86910),(-0.05672 -2.11877 1.51793),(-0.19104 0.73154 1.86910),(-0.22960 1.80268 -0.10845),0.000000,0.000000,0.255057,0.109745,0.767640,true,true,1.000000,0.972929,0.972235,-0.765823
75,1.2333,2,0.2333,tip,1,grip_normal,(0.13569 -2.04885 1.35860),(0.00137 0.80146 1.70977),(-0.05672 -2.11877 1.51793),(-0.19104 0.73154 1.86910),(-0.05672 -2.11877 1.51793),(-0.19104 0.73154 1.86910),(-0.22960 1.80268 -0.10845),0.000000,0.000000,0.255057,0.109745,0.767640,true,true,1.000000,0.972929,0.972235,-0.765823
76,1.2500,2,0.2500,tip,1,grip_normal,(0.13569 -2.04885 1.35860),(0.00137 0.80146 1.70977),(-0.05672 -2.11877 1.51793),(-0.19104 0.73154 1.86910),(-0.05672 -2.11877 1.51793),(-0.19104 0.73154 1.86910),(-0.22960 1.80268 -0.10845),0.000000,0.000000,0.255057,0.109745,0.767640,true,true,1.000000,0.972929,0.972235,-0.765823
77,1.2667,2,0.2667,tip,1,grip_normal,(0.13569 -2.04885 1.35860),(0.00137 0.80146 1.70977),(-0.05672 -2.11877 1.51793),(-0.19104 0.73154 1.86910),(-0.05672 -2.11877 1.51793),(-0.19104 0.73154 1.86910),(-0.22960 1.80268 -0.10845),0.000000,0.000000,0.255057,0.109745,0.767640,true,true,1.000000,0.972929,0.972235,-0.765823
78,1.2833,2,0.2833,tip,1,grip_normal,(0.13569 -2.04885 1.35860),(0.00137 0.80146 1.70977),(-0.05672 -2.11877 1.51793),(-0.19104 0.73154 1.86910),(-0.05672 -2.11877 1.51793),(-0.19104 0.73154 1.86910),(-0.22960 1.80268 -0.10845),0.000000,0.000000,0.255057,0.109745,0.767640,true,true,1.000000,0.972929,0.972235,-0.765823
79,1.3000,2,0.3000,tip,1,grip_normal,(0.13569 -2.04885 1.35860),(0.00137 0.80146 1.70977),(-0.05672 -2.11877 1.51793),(-0.19104 0.73154 1.86910),(-0.05672 -2.11877 1.51793),(-0.19104 0.73154 1.86910),(-0.22960 1.80268 -0.10845),0.000000,0.000000,0.255057,0.109745,0.767640,true,true,1.000000,0.972929,0.972235,-0.765823
80,1.3167,2,0.3167,tip,1,grip_normal,(0.13569 -2.04885 1.35860),(0.00137 0.80146 1.70977),(-0.05672 -2.11877 1.51793),(-0.19104 0.73154 1.86910),(-0.05672 -2.11877 1.51793),(-0.19104 0.73154 1.86910),(-0.22960 1.80268 -0.10845),0.000000,0.000000,0.255057,0.109745,0.767640,true,true,1.000000,0.972929,0.972235,-0.765823
81,1.3333,2,0.3333,tip,1,grip_normal,(0.13569 -2.04885 1.35860),(0.00137 0.80146 1.70977),(-0.05672 -2.11877 1.51793),(-0.19104 0.73154 1.86910),(-0.05672 -2.11877 1.51793),(-0.19104 0.73154 1.86910),(-0.22960 1.80268 -0.10845),0.000000,0.000000,0.255057,0.109745,0.767640,true,true,1.000000,0.972929,0.972235,-0.765823
82,1.3500,2,0.3500,tip,1,grip_normal,(0.13569 -2.04885 1.35860),(0.00137 0.80146 1.70977),(-0.05672 -2.11877 1.51793),(-0.19104 0.73154 1.86910),(-0.05672 -2.11877 1.51793),(-0.19104 0.73154 1.86910),(-0.22960 1.80268 -0.10845),0.000000,0.000000,0.255057,0.109745,0.767640,true,true,1.000000,0.972929,0.972235,-0.765823
83,1.3667,2,0.3667,tip,1,grip_normal,(0.13569 -2.04885 1.35860),(0.00137 0.80146 1.70977),(-0.05672 -2.11877 1.51793),(-0.19104 0.73154 1.86910),(-0.05672 -2.11877 1.51793),(-0.19104 0.73154 1.86910),(-0.22960 1.80268 -0.10845),0.000000,0.000000,0.255057,0.109745,0.767640,true,true,1.000000,0.972929,0.972235,-0.765823
84,1.3833,2,0.3833,tip,1,grip_normal,(0.13569 -2.04885 1.35860),(0.00137 0.80146 1.70977),(-0.05672 -2.11877 1.51793),(-0.19104 0.73154 1.86910),(-0.05672 -2.11877 1.51793),(-0.19104 0.73154 1.86910),(-0.22960 1.80268 -0.10845),0.000000,0.000000,0.255057,0.109745,0.767640,true,true,1.000000,0.972929,0.972235,-0.765823
85,1.4000,2,0.4000,tip,1,grip_normal,(0.13569 -2.04885 1.35860),(0.00137 0.80146 1.70977),(-0.05672 -2.11877 1.51793),(-0.19104 0.73154 1.86910),(-0.05672 -2.11877 1.51793),(-0.19104 0.73154 1.86910),(-0.22960 1.80268 -0.10845),0.000000,0.000000,0.255057,0.109745,0.767640,true,true,1.000000,0.972929,0.972235,-0.765823
86,1.4167,2,0.4167,tip,1,grip_normal,(0.13569 -2.04885 1.35860),(0.00137 0.80146 1.70977),(-0.05672 -2.11877 1.51793),(-0.19104 0.73154 1.86910),(-0.05672 -2.11877 1.51793),(-0.19104 0.73154 1.86910),(-0.22960 1.80268 -0.10845),0.000000,0.000000,0.255057,0.109745,0.767640,true,true,1.000000,0.972929,0.972235,-0.765823
87,1.4333,2,0.4333,tip,1,grip_normal,(0.13569 -2.04885 1.35860),(0.00137 0.80146 1.70977),(-0.05672 -2.11877 1.51793),(-0.19104 0.73154 1.86910),(-0.05672 -2.11877 1.51793),(-0.19104 0.73154 1.86910),(-0.22960 1.80268 -0.10845),0.000000,0.000000,0.255057,0.109745,0.767640,true,true,1.000000,0.972929,0.972235,-0.765823
88,1.4500,2,0.4500,tip,1,grip_normal,(0.13569 -2.04885 1.35860),(0.00137 0.80146 1.70977),(-0.05672 -2.11877 1.51793),(-0.19104 0.73154 1.86910),(-0.05672 -2.11877 1.51793),(-0.19104 0.73154 1.86910),(-0.22960 1.80268 -0.10845),0.000000,0.000000,0.255057,0.109745,0.767640,true,true,1.000000,0.972929,0.972235,-0.765823
89,1.4667,2,0.4667,tip,1,grip_normal,(0.13569 -2.04885 1.35860),(0.00137 0.80146 1.70977),(-0.05672 -2.11877 1.51793),(-0.19104 0.73154 1.86910),(-0.05672 -2.11877 1.51793),(-0.19104 0.73154 1.86910),(-0.22960 1.80268 -0.10845),0.000000,0.000000,0.255057,0.109745,0.767640,true,true,1.000000,0.972929,0.972235,-0.765823
90,1.4833,2,0.4833,tip,1,grip_normal,(0.13569 -2.04885 1.35860),(0.00137 0.80146 1.70977),(-0.05672 -2.11877 1.51793),(-0.19104 0.73154 1.86910),(-0.05672 -2.11877 1.51793),(-0.19104 0.73154 1.86910),(-0.22960 1.80268 -0.10845),0.000000,0.000000,0.255057,0.109745,0.767640,true,true,1.000000,0.972929,0.972235,-0.765823
91,1.5000,2,0.5000,tip,1,grip_normal,(0.13569 -2.04885 1.35860),(0.00137 0.80146 1.70977),(-0.05672 -2.11877 1.51793),(-0.19104 0.73154 1.86910),(-0.05672 -2.11877 1.51793),(-0.19104 0.73154 1.86910),(-0.22960 1.80268 -0.10845),0.000000,0.000000,0.255057,0.109745,0.767640,true,true,1.000000,0.972929,0.972235,-0.765823
92,1.5167,2,0.5167,tip,1,grip_normal,(0.13569 -2.04885 1.35860),(0.00137 0.80146 1.70977),(-0.05672 -2.11877 1.51793),(-0.19104 0.73154 1.86910),(-0.05672 -2.11877 1.51793),(-0.19104 0.73154 1.86910),(-0.22960 1.80268 -0.10845),0.000000,0.000000,0.255057,0.109745,0.767640,true,true,1.000000,0.972929,0.972235,-0.765823
93,1.5333,2,0.5333,tip,1,grip_normal,(0.13569 -2.04885 1.35860),(0.00137 0.80146 1.70977),(-0.05672 -2.11877 1.51793),(-0.19104 0.73154 1.86910),(-0.05672 -2.11877 1.51793),(-0.19104 0.73154 1.86910),(-0.22960 1.80268 -0.10845),0.000000,0.000000,0.255057,0.109745,0.767640,true,true,1.000000,0.972929,0.972235,-0.765823
94,1.5500,2,0.5500,tip,1,grip_normal,(0.13569 -2.04885 1.35860),(0.00137 0.80146 1.70977),(-0.05672 -2.11877 1.51793),(-0.19104 0.73154 1.86910),(-0.05672 -2.11877 1.51793),(-0.19104 0.73154 1.86910),(-0.22960 1.80268 -0.10845),0.000000,0.000000,0.255057,0.109745,0.767640,true,true,1.000000,0.972929,0.972235,-0.765823
95,1.5667,2,0.5667,tip,1,grip_normal,(0.13569 -2.04885 1.35860),(0.00137 0.80146 1.70977),(-0.05672 -2.11877 1.51793),(-0.19104 0.73154 1.86910),(-0.05672 -2.11877 1.51793),(-0.19104 0.73154 1.86910),(-0.22960 1.80268 -0.10845),0.000000,0.000000,0.255057,0.109745,0.767640,true,true,1.000000,0.972929,0.972235,-0.765823
96,1.5833,2,0.5833,tip,1,grip_normal,(0.13569 -2.04885 1.35860),(0.00137 0.80146 1.70977),(-0.05672 -2.11877 1.51793),(-0.19104 0.73154 1.86910),(-0.05672 -2.11877 1.51793),(-0.19104 0.73154 1.86910),(-0.22960 1.80268 -0.10845),0.000000,0.000000,0.255057,0.109745,0.767640,true,true,1.000000,0.972929,0.972235,-0.765823
97,1.6000,2,0.6000,tip,1,grip_normal,(0.13569 -2.04885 1.35860),(0.00137 0.80146 1.70977),(-0.05672 -2.11877 1.51793),(-0.19104 0.73154 1.86910),(-0.05672 -2.11877 1.51793),(-0.19104 0.73154 1.86910),(-0.22960 1.80268 -0.10845),0.000000,0.000000,0.255057,0.109745,0.767640,true,true,1.000000,0.972929,0.972235,-0.765823
98,1.6167,2,0.6167,tip,1,grip_normal,(0.13569 -2.04885 1.35860),(0.00137 0.80146 1.70977),(-0.05672 -2.11877 1.51793),(-0.19104 0.73154 1.86910),(-0.05672 -2.11877 1.51793),(-0.19104 0.73154 1.86910),(-0.22960 1.80268 -0.10845),0.000000,0.000000,0.255057,0.109745,0.767640,true,true,1.000000,0.972929,0.972235,-0.765823
99,1.6333,2,0.6333,tip,1,grip_normal,(0.13569 -2.04885 1.35860),(0.00137 0.80146 1.70977),(-0.05672 -2.11877 1.51793),(-0.19104 0.73154 1.86910),(-0.05672 -2.11877 1.51793),(-0.19104 0.73154 1.86910),(-0.22960 1.80268 -0.10845),0.000000,0.000000,0.255057,0.109745,0.767640,true,true,1.000000,0.972929,0.972235,-0.765823
100,1.6500,2,0.6500,tip,1,grip_normal,(0.13569 -2.04885 1.35860),(0.00137 0.80146 1.70977),(-0.05672 -2.11877 1.51793),(-0.19104 0.73154 1.86910),(-0.05672 -2.11877 1.51793),(-0.19104 0.73154 1.86910),(-0.22960 1.80268 -0.10845),0.000000,0.000000,0.255057,0.109745,0.767640,true,true,1.000000,0.972929,0.972235,-0.765823
101,1.6667,2,0.6667,tip,1,grip_normal,(0.13569 -2.04885 1.35860),(0.00137 0.80146 1.70977),(-0.05672 -2.11877 1.51793),(-0.19104 0.73154 1.86910),(-0.05672 -2.11877 1.51793),(-0.19104 0.73154 1.86910),(-0.22960 1.80268 -0.10845),0.000000,0.000000,0.255057,0.109745,0.767640,true,true,1.000000,0.972929,0.972235,-0.765823
102,1.6833,2,0.6833,tip,1,grip_normal,(0.13569 -2.04885 1.35860),(0.00137 0.80146 1.70977),(-0.05672 -2.11877 1.51793),(-0.19104 0.73154 1.86910),(-0.05672 -2.11877 1.51793),(-0.19104 0.73154 1.86910),(-0.22960 1.80268 -0.10845),0.000000,0.000000,0.255057,0.109745,0.767640,true,true,1.000000,0.972929,0.972235,-0.765823
103,1.7000,2,0.7000,tip,1,grip_normal,(0.13569 -2.04885 1.35860),(0.00137 0.80146 1.70977),(-0.05672 -2.11877 1.51793),(-0.19104 0.73154 1.86910),(-0.05672 -2.11877 1.51793),(-0.19104 0.73154 1.86910),(-0.22960 1.80268 -0.10845),0.000000,0.000000,0.255057,0.109745,0.767640,true,true,1.000000,0.972929,0.972235,-0.765823
104,1.7167,2,0.7167,tip,1,grip_normal,(0.13569 -2.04885 1.35860),(0.00137 0.80146 1.70977),(-0.05672 -2.11877 1.51793),(-0.19104 0.73154 1.86910),(-0.05672 -2.11877 1.51793),(-0.19104 0.73154 1.86910),(-0.22960 1.80268 -0.10845),0.000000,0.000000,0.255057,0.109745,0.767640,true,true,1.000000,0.972929,0.972235,-0.765823
105,1.7333,2,0.7333,tip,1,grip_normal,(0.13569 -2.04885 1.35860),(0.00137 0.80146 1.70977),(-0.05672 -2.11877 1.51793),(-0.19104 0.73154 1.86910),(-0.05672 -2.11877 1.51793),(-0.19104 0.73154 1.86910),(-0.22960 1.80268 -0.10845),0.000000,0.000000,0.255057,0.109745,0.767640,true,true,1.000000,0.972929,0.972235,-0.765823
106,1.7500,2,0.7500,tip,1,grip_normal,(0.13569 -2.04885 1.35860),(0.00137 0.80146 1.70977),(-0.05672 -2.11877 1.51793),(-0.19104 0.73154 1.86910),(-0.05672 -2.11877 1.51793),(-0.19104 0.73154 1.86910),(-0.22960 1.80268 -0.10845),0.000000,0.000000,0.255057,0.109745,0.767640,true,true,1.000000,0.972929,0.972235,-0.765823
107,1.7667,2,0.7667,tip,1,grip_normal,(0.13569 -2.04885 1.35860),(0.00137 0.80146 1.70977),(-0.05672 -2.11877 1.51793),(-0.19104 0.73154 1.86910),(-0.05672 -2.11877 1.51793),(-0.19104 0.73154 1.86910),(-0.22960 1.80268 -0.10845),0.000000,0.000000,0.255057,0.109745,0.767640,true,true,1.000000,0.972929,0.972235,-0.765823
108,1.7833,2,0.7833,tip,1,grip_normal,(0.13569 -2.04885 1.35860),(0.00137 0.80146 1.70977),(-0.05672 -2.11877 1.51793),(-0.19104 0.73154 1.86910),(-0.05672 -2.11877 1.51793),(-0.19104 0.73154 1.86910),(-0.22960 1.80268 -0.10845),0.000000,0.000000,0.255057,0.109745,0.767640,true,true,1.000000,0.972929,0.972235,-0.765823
109,1.8000,2,0.8000,tip,1,grip_normal,(0.13569 -2.04885 1.35860),(0.00137 0.80146 1.70977),(-0.05672 -2.11877 1.51793),(-0.19104 0.73154 1.86910),(-0.05672 -2.11877 1.51793),(-0.19104 0.73154 1.86910),(-0.22960 1.80268 -0.10845),0.000000,0.000000,0.255057,0.109745,0.767640,true,true,1.000000,0.972929,0.972235,-0.765823
110,1.8167,2,0.8167,tip,1,grip_normal,(0.13569 -2.04885 1.35860),(0.00137 0.80146 1.70977),(-0.05672 -2.11877 1.51793),(-0.19104 0.73154 1.86910),(-0.05672 -2.11877 1.51793),(-0.19104 0.73154 1.86910),(-0.22960 1.80268 -0.10845),0.000000,0.000000,0.255057,0.109745,0.767640,true,true,1.000000,0.972929,0.972235,-0.765823
111,1.8333,2,0.8333,tip,1,grip_normal,(0.13569 -2.04885 1.35860),(0.00137 0.80146 1.70977),(-0.05672 -2.11877 1.51793),(-0.19104 0.73154 1.86910),(-0.05672 -2.11877 1.51793),(-0.19104 0.73154 1.86910),(-0.22960 1.80268 -0.10845),0.000000,0.000000,0.255057,0.109745,0.767640,true,true,1.000000,0.972929,0.972235,-0.765823
112,1.8500,2,0.8500,tip,1,grip_normal,(0.13569 -2.04885 1.35860),(0.00137 0.80146 1.70977),(-0.05672 -2.11877 1.51793),(-0.19104 0.73154 1.86910),(-0.05672 -2.11877 1.51793),(-0.19104 0.73154 1.86910),(-0.22960 1.80268 -0.10845),0.000000,0.000000,0.255057,0.109745,0.767640,true,true,1.000000,0.972929,0.972235,-0.765823
113,1.8667,2,0.8667,tip,1,grip_normal,(0.13569 -2.04885 1.35860),(0.00137 0.80146 1.70977),(-0.05672 -2.11877 1.51793),(-0.19104 0.73154 1.86910),(-0.05672 -2.11877 1.51793),(-0.19104 0.73154 1.86910),(-0.22960 1.80268 -0.10845),0.000000,0.000000,0.255057,0.109745,0.767640,true,true,1.000000,0.972929,0.972235,-0.765823
114,1.8833,2,0.8833,tip,1,grip_normal,(0.13569 -2.04885 1.35860),(0.00137 0.80146 1.70977),(-0.05672 -2.11877 1.51793),(-0.19104 0.73154 1.86910),(-0.05672 -2.11877 1.51793),(-0.19104 0.73154 1.86910),(-0.22960 1.80268 -0.10845),0.000000,0.000000,0.255057,0.109745,0.767640,true,true,1.000000,0.972929,0.972235,-0.765823
115,1.9000,2,0.9000,tip,1,grip_normal,(0.13569 -2.04885 1.35860),(0.00137 0.80146 1.70977),(-0.05672 -2.11877 1.51793),(-0.19104 0.73154 1.86910),(-0.05672 -2.11877 1.51793),(-0.19104 0.73154 1.86910),(-0.22960 1.80268 -0.10845),0.000000,0.000000,0.255057,0.109745,0.767640,true,true,1.000000,0.972929,0.972235,-0.765823
116,1.9167,2,0.9167,tip,1,grip_normal,(0.13569 -2.04885 1.35860),(0.00137 0.80146 1.70977),(-0.05672 -2.11877 1.51793),(-0.19104 0.73154 1.86910),(-0.05672 -2.11877 1.51793),(-0.19104 0.73154 1.86910),(-0.22960 1.80268 -0.10845),0.000000,0.000000,0.255057,0.109745,0.767640,true,true,1.000000,0.972929,0.972235,-0.765823
117,1.9333,2,0.9333,tip,1,grip_normal,(0.13569 -2.04885 1.35860),(0.00137 0.80146 1.70977),(-0.05672 -2.11877 1.51793),(-0.19104 0.73154 1.86910),(-0.05672 -2.11877 1.51793),(-0.19104 0.73154 1.86910),(-0.22960 1.80268 -0.10845),0.000000,0.000000,0.255057,0.109745,0.767640,true,true,1.000000,0.972929,0.972235,-0.765823
118,1.9500,2,0.9500,tip,1,grip_normal,(0.13569 -2.04885 1.35860),(0.00137 0.80146 1.70977),(-0.05672 -2.11877 1.51793),(-0.19104 0.73154 1.86910),(-0.05672 -2.11877 1.51793),(-0.19104 0.73154 1.86910),(-0.22960 1.80268 -0.10845),0.000000,0.000000,0.255057,0.109745,0.767640,true,true,1.000000,0.972929,0.972235,-0.765823
119,1.9667,2,0.9667,tip,1,grip_normal,(0.13569 -2.04885 1.35860),(0.00137 0.80146 1.70977),(-0.05672 -2.11877 1.51793),(-0.19104 0.73154 1.86910),(-0.05672 -2.11877 1.51793),(-0.19104 0.73154 1.86910),(-0.22960 1.80268 -0.10845),0.000000,0.000000,0.255057,0.109745,0.767640,true,true,1.000000,0.972929,0.972235,-0.765823
120,1.9833,2,0.9833,tip,1,grip_normal,(0.13569 -2.04885 1.35860),(0.00137 0.80146 1.70977),(-0.05672 -2.11877 1.51793),(-0.19104 0.73154 1.86910),(-0.05672 -2.11877 1.51793),(-0.19104 0.73154 1.86910),(-0.22960 1.80268 -0.10845),0.000000,0.000000,0.255057,0.109745,0.767640,true,true,1.000000,0.972929,0.972235,-0.765823
121,2.0000,2,1.0000,tip,1,grip_normal,(0.13569 -2.04885 1.35860),(0.00137 0.80146 1.70977),(-0.05672 -2.11877 1.51793),(-0.19104 0.73154 1.86910),(-0.05672 -2.11877 1.51793),(-0.19104 0.73154 1.86910),(-0.22960 1.80268 -0.10845),0.000000,0.000000,0.255057,0.109745,0.767640,true,true,1.000000,0.972929,0.972235,-0.765823
122,2.0167,3,0.0167,pommel,1,grip_normal,(0.13569 -2.04885 1.35860),(0.00137 0.80146 1.70977),(-0.03088 -2.07270 1.63661),(-0.16521 0.77761 1.98778),(-0.03088 -2.07270 1.63661),(-0.16521 0.77761 1.98778),(-0.22473 1.92136 -0.16104),0.129899,0.000000,0.220724,0.068799,0.982327,true,true,1.000000,0.972929,0.999611,-0.998110
123,2.0333,3,0.0333,pommel,1,grip_normal,(0.13569 -2.04885 1.35860),(0.00137 0.80146 1.70977),(-0.03088 -2.07270 1.63661),(-0.16521 0.77761 1.98778),(-0.03088 -2.07270 1.63661),(-0.16521 0.77761 1.98778),(-0.22473 1.92136 -0.16104),0.000000,0.000000,0.220724,0.068799,0.982327,true,true,1.000000,0.972929,0.999611,-0.998110
124,2.0500,3,0.0500,pommel,1,grip_normal,(0.13569 -2.04885 1.35860),(0.00137 0.80146 1.70977),(-0.03088 -2.07270 1.63661),(-0.16521 0.77761 1.98778),(-0.03088 -2.07270 1.63661),(-0.16521 0.77761 1.98778),(-0.22473 1.92136 -0.16104),0.000000,0.000000,0.220724,0.068799,0.982327,true,true,1.000000,0.972929,0.999611,-0.998110
125,2.0667,3,0.0667,pommel,1,grip_normal,(0.13569 -2.04885 1.35860),(0.00137 0.80146 1.70977),(-0.03088 -2.07270 1.63661),(-0.16521 0.77761 1.98778),(-0.03088 -2.07270 1.63661),(-0.16521 0.77761 1.98778),(-0.22473 1.92136 -0.16104),0.000000,0.000000,0.220724,0.068799,0.982327,true,true,1.000000,0.972929,0.999611,-0.998110
126,2.0833,3,0.0833,pommel,1,grip_normal,(0.13569 -2.04885 1.35860),(0.00137 0.80146 1.70977),(-0.03088 -2.07270 1.63661),(-0.16521 0.77761 1.98778),(-0.03088 -2.07270 1.63661),(-0.16521 0.77761 1.98778),(-0.22473 1.92136 -0.16104),0.000000,0.000000,0.220724,0.068799,0.982327,true,true,1.000000,0.972929,0.999611,-0.998110
127,2.1000,3,0.1000,pommel,1,grip_normal,(0.13569 -2.04885 1.35860),(0.00137 0.80146 1.70977),(-0.03088 -2.07270 1.63661),(-0.16521 0.77761 1.98778),(-0.03088 -2.07270 1.63661),(-0.16521 0.77761 1.98778),(-0.22473 1.92136 -0.16104),0.000000,0.000000,0.220724,0.068799,0.982327,true,true,1.000000,0.972929,0.999611,-0.998110
128,2.1167,3,0.1167,pommel,1,grip_normal,(0.13569 -2.04885 1.35860),(0.00137 0.80146 1.70977),(-0.03088 -2.07270 1.63661),(-0.16521 0.77761 1.98778),(-0.03088 -2.07270 1.63661),(-0.16521 0.77761 1.98778),(-0.22473 1.92136 -0.16104),0.000000,0.000000,0.220724,0.068799,0.982327,true,true,1.000000,0.972929,0.999611,-0.998110
129,2.1333,3,0.1333,pommel,1,grip_normal,(0.13569 -2.04885 1.35860),(0.00137 0.80146 1.70977),(-0.03088 -2.07270 1.63661),(-0.16521 0.77761 1.98778),(-0.03088 -2.07270 1.63661),(-0.16521 0.77761 1.98778),(-0.22473 1.92136 -0.16104),0.000000,0.000000,0.220724,0.068799,0.982327,true,true,1.000000,0.972929,0.999611,-0.998110
130,2.1500,3,0.1500,pommel,1,grip_normal,(0.13569 -2.04885 1.35860),(0.00137 0.80146 1.70977),(-0.03088 -2.07270 1.63661),(-0.16521 0.77761 1.98778),(-0.03088 -2.07270 1.63661),(-0.16521 0.77761 1.98778),(-0.22473 1.92136 -0.16104),0.000000,0.000000,0.220724,0.068799,0.982327,true,true,1.000000,0.972929,0.999611,-0.998110
131,2.1667,3,0.1667,pommel,1,grip_normal,(0.13569 -2.04885 1.35860),(0.00137 0.80146 1.70977),(-0.03088 -2.07270 1.63661),(-0.16521 0.77761 1.98778),(-0.03088 -2.07270 1.63661),(-0.16521 0.77761 1.98778),(-0.22473 1.92136 -0.16104),0.000000,0.000000,0.220724,0.068799,0.982327,true,true,1.000000,0.972929,0.999611,-0.998110
132,2.1833,3,0.1833,pommel,1,grip_normal,(0.13569 -2.04885 1.35860),(0.00137 0.80146 1.70977),(-0.03088 -2.07270 1.63661),(-0.16521 0.77761 1.98778),(-0.03088 -2.07270 1.63661),(-0.16521 0.77761 1.98778),(-0.22473 1.92136 -0.16104),0.000000,0.000000,0.220724,0.068799,0.982327,true,true,1.000000,0.972929,0.999611,-0.998110
133,2.2000,3,0.2000,pommel,1,grip_normal,(0.13569 -2.04885 1.35860),(0.00137 0.80146 1.70977),(-0.03088 -2.07270 1.63661),(-0.16521 0.77761 1.98778),(-0.03088 -2.07270 1.63661),(-0.16521 0.77761 1.98778),(-0.22473 1.92136 -0.16104),0.000000,0.000000,0.220724,0.068799,0.982327,true,true,1.000000,0.972929,0.999611,-0.998110
134,2.2167,3,0.2167,pommel,1,grip_normal,(0.13569 -2.04885 1.35860),(0.00137 0.80146 1.70977),(-0.03088 -2.07270 1.63661),(-0.16521 0.77761 1.98778),(-0.03088 -2.07270 1.63661),(-0.16521 0.77761 1.98778),(-0.22473 1.92136 -0.16104),0.000000,0.000000,0.220724,0.068799,0.982327,true,true,1.000000,0.972929,0.999611,-0.998110
135,2.2333,3,0.2333,pommel,1,grip_normal,(0.13569 -2.04885 1.35860),(0.00137 0.80146 1.70977),(-0.03088 -2.07270 1.63661),(-0.16521 0.77761 1.98778),(-0.03088 -2.07270 1.63661),(-0.16521 0.77761 1.98778),(-0.22473 1.92136 -0.16104),0.000000,0.000000,0.220724,0.068799,0.982327,true,true,1.000000,0.972929,0.999611,-0.998110
136,2.2500,3,0.2500,pommel,1,grip_normal,(0.13569 -2.04885 1.35860),(0.00137 0.80146 1.70977),(-0.03088 -2.07270 1.63661),(-0.16521 0.77761 1.98778),(-0.03088 -2.07270 1.63661),(-0.16521 0.77761 1.98778),(-0.22473 1.92136 -0.16104),0.000000,0.000000,0.220724,0.068799,0.982327,true,true,1.000000,0.972929,0.999611,-0.998110
137,2.2667,3,0.2667,pommel,1,grip_normal,(0.13569 -2.04885 1.35860),(0.00137 0.80146 1.70977),(-0.03088 -2.07270 1.63661),(-0.16521 0.77761 1.98778),(-0.03088 -2.07270 1.63661),(-0.16521 0.77761 1.98778),(-0.22473 1.92136 -0.16104),0.000000,0.000000,0.220724,0.068799,0.982327,true,true,1.000000,0.972929,0.999611,-0.998110
138,2.2833,3,0.2833,pommel,1,grip_normal,(0.13569 -2.04885 1.35860),(0.00137 0.80146 1.70977),(-0.03088 -2.07270 1.63661),(-0.16521 0.77761 1.98778),(-0.03088 -2.07270 1.63661),(-0.16521 0.77761 1.98778),(-0.22473 1.92136 -0.16104),0.000000,0.000000,0.220724,0.068799,0.982327,true,true,1.000000,0.972929,0.999611,-0.998110
139,2.3000,3,0.3000,pommel,1,grip_normal,(0.13569 -2.04885 1.35860),(0.00137 0.80146 1.70977),(-0.03088 -2.07270 1.63661),(-0.16521 0.77761 1.98778),(-0.03088 -2.07270 1.63661),(-0.16521 0.77761 1.98778),(-0.22473 1.92136 -0.16104),0.000000,0.000000,0.220724,0.068799,0.982327,true,true,1.000000,0.972929,0.999611,-0.998110
140,2.3167,3,0.3167,pommel,1,grip_normal,(0.13569 -2.04885 1.35860),(0.00137 0.80146 1.70977),(-0.03088 -2.07270 1.63661),(-0.16521 0.77761 1.98778),(-0.03088 -2.07270 1.63661),(-0.16521 0.77761 1.98778),(-0.22473 1.92136 -0.16104),0.000000,0.000000,0.220724,0.068799,0.982327,true,true,1.000000,0.972929,0.999611,-0.998110
141,2.3333,3,0.3333,pommel,1,grip_normal,(0.13569 -2.04885 1.35860),(0.00137 0.80146 1.70977),(-0.03088 -2.07270 1.63661),(-0.16521 0.77761 1.98778),(-0.03088 -2.07270 1.63661),(-0.16521 0.77761 1.98778),(-0.22473 1.92136 -0.16104),0.000000,0.000000,0.220724,0.068799,0.982327,true,true,1.000000,0.972929,0.999611,-0.998110
142,2.3500,3,0.3500,pommel,1,grip_normal,(0.13569 -2.04885 1.35860),(0.00137 0.80146 1.70977),(-0.03088 -2.07270 1.63661),(-0.16521 0.77761 1.98778),(-0.03088 -2.07270 1.63661),(-0.16521 0.77761 1.98778),(-0.22473 1.92136 -0.16104),0.000000,0.000000,0.220724,0.068799,0.982327,true,true,1.000000,0.972929,0.999611,-0.998110
143,2.3667,3,0.3667,pommel,1,grip_normal,(0.13569 -2.04885 1.35860),(0.00137 0.80146 1.70977),(-0.03088 -2.07270 1.63661),(-0.16521 0.77761 1.98778),(-0.03088 -2.07270 1.63661),(-0.16521 0.77761 1.98778),(-0.22473 1.92136 -0.16104),0.000000,0.000000,0.220724,0.068799,0.982327,true,true,1.000000,0.972929,0.999611,-0.998110
144,2.3833,3,0.3833,pommel,1,grip_normal,(0.13569 -2.04885 1.35860),(0.00137 0.80146 1.70977),(-0.03088 -2.07270 1.63661),(-0.16521 0.77761 1.98778),(-0.03088 -2.07270 1.63661),(-0.16521 0.77761 1.98778),(-0.22473 1.92136 -0.16104),0.000000,0.000000,0.220724,0.068799,0.982327,true,true,1.000000,0.972929,0.999611,-0.998110
145,2.4000,3,0.4000,pommel,1,grip_normal,(0.13569 -2.04885 1.35860),(0.00137 0.80146 1.70977),(-0.03088 -2.07270 1.63661),(-0.16521 0.77761 1.98778),(-0.03088 -2.07270 1.63661),(-0.16521 0.77761 1.98778),(-0.22473 1.92136 -0.16104),0.000000,0.000000,0.220724,0.068799,0.982327,true,true,1.000000,0.972929,0.999611,-0.998110
146,2.4167,3,0.4167,pommel,1,grip_normal,(0.13569 -2.04885 1.35860),(0.00137 0.80146 1.70977),(-0.03088 -2.07270 1.63661),(-0.16521 0.77761 1.98778),(-0.03088 -2.07270 1.63661),(-0.16521 0.77761 1.98778),(-0.22473 1.92136 -0.16104),0.000000,0.000000,0.220724,0.068799,0.982327,true,true,1.000000,0.972929,0.999611,-0.998110
147,2.4333,3,0.4333,pommel,1,grip_normal,(0.13569 -2.04885 1.35860),(0.00137 0.80146 1.70977),(-0.03088 -2.07270 1.63661),(-0.16521 0.77761 1.98778),(-0.03088 -2.07270 1.63661),(-0.16521 0.77761 1.98778),(-0.22473 1.92136 -0.16104),0.000000,0.000000,0.220724,0.068799,0.982327,true,true,1.000000,0.972929,0.999611,-0.998110
148,2.4500,3,0.4500,pommel,1,grip_normal,(0.13569 -2.04885 1.35860),(0.00137 0.80146 1.70977),(-0.03088 -2.07270 1.63661),(-0.16521 0.77761 1.98778),(-0.03088 -2.07270 1.63661),(-0.16521 0.77761 1.98778),(-0.22473 1.92136 -0.16104),0.000000,0.000000,0.220724,0.068799,0.982327,true,true,1.000000,0.972929,0.999611,-0.998110
149,2.4667,3,0.4667,pommel,1,grip_normal,(0.13569 -2.04885 1.35860),(0.00137 0.80146 1.70977),(-0.03088 -2.07270 1.63661),(-0.16521 0.77761 1.98778),(-0.03088 -2.07270 1.63661),(-0.16521 0.77761 1.98778),(-0.22473 1.92136 -0.16104),0.000000,0.000000,0.220724,0.068799,0.982327,true,true,1.000000,0.972929,0.999611,-0.998110
150,2.4833,3,0.4833,pommel,1,grip_normal,(0.13569 -2.04885 1.35860),(0.00137 0.80146 1.70977),(-0.03088 -2.07270 1.63661),(-0.16521 0.77761 1.98778),(-0.03088 -2.07270 1.63661),(-0.16521 0.77761 1.98778),(-0.22473 1.92136 -0.16104),0.000000,0.000000,0.220724,0.068799,0.982327,true,true,1.000000,0.972929,0.999611,-0.998110
151,2.5000,3,0.5000,pommel,1,grip_normal,(0.13569 -2.04885 1.35860),(0.00137 0.80146 1.70977),(-0.03088 -2.07270 1.63661),(-0.16521 0.77761 1.98778),(-0.03088 -2.07270 1.63661),(-0.16521 0.77761 1.98778),(-0.22473 1.92136 -0.16104),0.000000,0.000000,0.220724,0.068799,0.982327,true,true,1.000000,0.972929,0.999611,-0.998110
152,2.5167,3,0.5167,pommel,1,grip_normal,(0.13569 -2.04885 1.35860),(0.00137 0.80146 1.70977),(-0.03088 -2.07270 1.63661),(-0.16521 0.77761 1.98778),(-0.03088 -2.07270 1.63661),(-0.16521 0.77761 1.98778),(-0.22473 1.92136 -0.16104),0.000000,0.000000,0.220724,0.068799,0.982327,true,true,1.000000,0.972929,0.999611,-0.998110
153,2.5333,3,0.5333,pommel,1,grip_normal,(0.13569 -2.04885 1.35860),(0.00137 0.80146 1.70977),(-0.03088 -2.07270 1.63661),(-0.16521 0.77761 1.98778),(-0.03088 -2.07270 1.63661),(-0.16521 0.77761 1.98778),(-0.22473 1.92136 -0.16104),0.000000,0.000000,0.220724,0.068799,0.982327,true,true,1.000000,0.972929,0.999611,-0.998110
154,2.5500,3,0.5500,pommel,1,grip_normal,(0.13569 -2.04885 1.35860),(0.00137 0.80146 1.70977),(-0.03088 -2.07270 1.63661),(-0.16521 0.77761 1.98778),(-0.03088 -2.07270 1.63661),(-0.16521 0.77761 1.98778),(-0.22473 1.92136 -0.16104),0.000000,0.000000,0.220724,0.068799,0.982327,true,true,1.000000,0.972929,0.999611,-0.998110
155,2.5667,3,0.5667,pommel,1,grip_normal,(0.13569 -2.04885 1.35860),(0.00137 0.80146 1.70977),(-0.03088 -2.07270 1.63661),(-0.16521 0.77761 1.98778),(-0.03088 -2.07270 1.63661),(-0.16521 0.77761 1.98778),(-0.22473 1.92136 -0.16104),0.000000,0.000000,0.220724,0.068799,0.982327,true,true,1.000000,0.972929,0.999611,-0.998110
156,2.5833,3,0.5833,pommel,1,grip_normal,(0.13569 -2.04885 1.35860),(0.00137 0.80146 1.70977),(-0.03088 -2.07270 1.63661),(-0.16521 0.77761 1.98778),(-0.03088 -2.07270 1.63661),(-0.16521 0.77761 1.98778),(-0.22473 1.92136 -0.16104),0.000000,0.000000,0.220724,0.068799,0.982327,true,true,1.000000,0.972929,0.999611,-0.998110
157,2.6000,3,0.6000,pommel,1,grip_normal,(0.13569 -2.04885 1.35860),(0.00137 0.80146 1.70977),(-0.03088 -2.07270 1.63661),(-0.16521 0.77761 1.98778),(-0.03088 -2.07270 1.63661),(-0.16521 0.77761 1.98778),(-0.22473 1.92136 -0.16104),0.000000,0.000000,0.220724,0.068799,0.982327,true,true,1.000000,0.972929,0.999611,-0.998110
158,2.6167,3,0.6167,pommel,1,grip_normal,(0.13569 -2.04885 1.35860),(0.00137 0.80146 1.70977),(-0.03088 -2.07270 1.63661),(-0.16521 0.77761 1.98778),(-0.03088 -2.07270 1.63661),(-0.16521 0.77761 1.98778),(-0.22473 1.92136 -0.16104),0.000000,0.000000,0.220724,0.068799,0.982327,true,true,1.000000,0.972929,0.999611,-0.998110
159,2.6333,3,0.6333,pommel,1,grip_normal,(0.13569 -2.04885 1.35860),(0.00137 0.80146 1.70977),(-0.03088 -2.07270 1.63661),(-0.16521 0.77761 1.98778),(-0.03088 -2.07270 1.63661),(-0.16521 0.77761 1.98778),(-0.22473 1.92136 -0.16104),0.000000,0.000000,0.220724,0.068799,0.982327,true,true,1.000000,0.972929,0.999611,-0.998110
160,2.6500,3,0.6500,pommel,1,grip_normal,(0.13569 -2.04885 1.35860),(0.00137 0.80146 1.70977),(-0.03088 -2.07270 1.63661),(-0.16521 0.77761 1.98778),(-0.03088 -2.07270 1.63661),(-0.16521 0.77761 1.98778),(-0.22473 1.92136 -0.16104),0.000000,0.000000,0.220724,0.068799,0.982327,true,true,1.000000,0.972929,0.999611,-0.998110
161,2.6667,3,0.6667,pommel,1,grip_normal,(0.13569 -2.04885 1.35860),(0.00137 0.80146 1.70977),(-0.03088 -2.07270 1.63661),(-0.16521 0.77761 1.98778),(-0.03088 -2.07270 1.63661),(-0.16521 0.77761 1.98778),(-0.22473 1.92136 -0.16104),0.000000,0.000000,0.220724,0.068799,0.982327,true,true,1.000000,0.972929,0.999611,-0.998110
162,2.6833,3,0.6833,pommel,1,grip_normal,(0.13569 -2.04885 1.35860),(0.00137 0.80146 1.70977),(-0.03088 -2.07270 1.63661),(-0.16521 0.77761 1.98778),(-0.03088 -2.07270 1.63661),(-0.16521 0.77761 1.98778),(-0.22473 1.92136 -0.16104),0.000000,0.000000,0.220724,0.068799,0.982327,true,true,1.000000,0.972929,0.999611,-0.998110
163,2.7000,3,0.7000,pommel,1,grip_normal,(0.13569 -2.04885 1.35860),(0.00137 0.80146 1.70977),(-0.03088 -2.07270 1.63661),(-0.16521 0.77761 1.98778),(-0.03088 -2.07270 1.63661),(-0.16521 0.77761 1.98778),(-0.22473 1.92136 -0.16104),0.000000,0.000000,0.220724,0.068799,0.982327,true,true,1.000000,0.972929,0.999611,-0.998110
164,2.7167,3,0.7167,pommel,1,grip_normal,(0.13569 -2.04885 1.35860),(0.00137 0.80146 1.70977),(-0.03088 -2.07270 1.63661),(-0.16521 0.77761 1.98778),(-0.03088 -2.07270 1.63661),(-0.16521 0.77761 1.98778),(-0.22473 1.92136 -0.16104),0.000000,0.000000,0.220724,0.068799,0.982327,true,true,1.000000,0.972929,0.999611,-0.998110
165,2.7333,3,0.7333,pommel,1,grip_normal,(0.13569 -2.04885 1.35860),(0.00137 0.80146 1.70977),(-0.03088 -2.07270 1.63661),(-0.16521 0.77761 1.98778),(-0.03088 -2.07270 1.63661),(-0.16521 0.77761 1.98778),(-0.22473 1.92136 -0.16104),0.000000,0.000000,0.220724,0.068799,0.982327,true,true,1.000000,0.972929,0.999611,-0.998110
166,2.7500,3,0.7500,pommel,1,grip_normal,(0.13569 -2.04885 1.35860),(0.00137 0.80146 1.70977),(-0.03088 -2.07270 1.63661),(-0.16521 0.77761 1.98778),(-0.03088 -2.07270 1.63661),(-0.16521 0.77761 1.98778),(-0.22473 1.92136 -0.16104),0.000000,0.000000,0.220724,0.068799,0.982327,true,true,1.000000,0.972929,0.999611,-0.998110
167,2.7667,3,0.7667,pommel,1,grip_normal,(0.13569 -2.04885 1.35860),(0.00137 0.80146 1.70977),(-0.03088 -2.07270 1.63661),(-0.16521 0.77761 1.98778),(-0.03088 -2.07270 1.63661),(-0.16521 0.77761 1.98778),(-0.22473 1.92136 -0.16104),0.000000,0.000000,0.220724,0.068799,0.982327,true,true,1.000000,0.972929,0.999611,-0.998110
168,2.7833,3,0.7833,pommel,1,grip_normal,(0.13569 -2.04885 1.35860),(0.00137 0.80146 1.70977),(-0.03088 -2.07270 1.63661),(-0.16521 0.77761 1.98778),(-0.03088 -2.07270 1.63661),(-0.16521 0.77761 1.98778),(-0.22473 1.92136 -0.16104),0.000000,0.000000,0.220724,0.068799,0.982327,true,true,1.000000,0.972929,0.999611,-0.998110
169,2.8000,3,0.8000,pommel,1,grip_normal,(0.13569 -2.04885 1.35860),(0.00137 0.80146 1.70977),(-0.03088 -2.07270 1.63661),(-0.16521 0.77761 1.98778),(-0.03088 -2.07270 1.63661),(-0.16521 0.77761 1.98778),(-0.22473 1.92136 -0.16104),0.000000,0.000000,0.220724,0.068799,0.982327,true,true,1.000000,0.972929,0.999611,-0.998110
170,2.8167,3,0.8167,pommel,1,grip_normal,(0.13569 -2.04885 1.35860),(0.00137 0.80146 1.70977),(-0.03088 -2.07270 1.63661),(-0.16521 0.77761 1.98778),(-0.03088 -2.07270 1.63661),(-0.16521 0.77761 1.98778),(-0.22473 1.92136 -0.16104),0.000000,0.000000,0.220724,0.068799,0.982327,true,true,1.000000,0.972929,0.999611,-0.998110
171,2.8333,3,0.8333,pommel,1,grip_normal,(0.13569 -2.04885 1.35860),(0.00137 0.80146 1.70977),(-0.03088 -2.07270 1.63661),(-0.16521 0.77761 1.98778),(-0.03088 -2.07270 1.63661),(-0.16521 0.77761 1.98778),(-0.22473 1.92136 -0.16104),0.000000,0.000000,0.220724,0.068799,0.982327,true,true,1.000000,0.972929,0.999611,-0.998110
172,2.8500,3,0.8500,pommel,1,grip_normal,(0.13569 -2.04885 1.35860),(0.00137 0.80146 1.70977),(-0.03088 -2.07270 1.63661),(-0.16521 0.77761 1.98778),(-0.03088 -2.07270 1.63661),(-0.16521 0.77761 1.98778),(-0.22473 1.92136 -0.16104),0.000000,0.000000,0.220724,0.068799,0.982327,true,true,1.000000,0.972929,0.999611,-0.998110
173,2.8667,3,0.8667,pommel,1,grip_normal,(0.13569 -2.04885 1.35860),(0.00137 0.80146 1.70977),(-0.03088 -2.07270 1.63661),(-0.16521 0.77761 1.98778),(-0.03088 -2.07270 1.63661),(-0.16521 0.77761 1.98778),(-0.22473 1.92136 -0.16104),0.000000,0.000000,0.220724,0.068799,0.982327,true,true,1.000000,0.972929,0.999611,-0.998110
174,2.8833,3,0.8833,pommel,1,grip_normal,(0.13569 -2.04885 1.35860),(0.00137 0.80146 1.70977),(-0.03088 -2.07270 1.63661),(-0.16521 0.77761 1.98778),(-0.03088 -2.07270 1.63661),(-0.16521 0.77761 1.98778),(-0.22473 1.92136 -0.16104),0.000000,0.000000,0.220724,0.068799,0.982327,true,true,1.000000,0.972929,0.999611,-0.998110
175,2.9000,3,0.9000,pommel,1,grip_normal,(0.13569 -2.04885 1.35860),(0.00137 0.80146 1.70977),(-0.03088 -2.07270 1.63661),(-0.16521 0.77761 1.98778),(-0.03088 -2.07270 1.63661),(-0.16521 0.77761 1.98778),(-0.22473 1.92136 -0.16104),0.000000,0.000000,0.220724,0.068799,0.982327,true,true,1.000000,0.972929,0.999611,-0.998110
176,2.9167,3,0.9167,pommel,1,grip_normal,(0.13569 -2.04885 1.35860),(0.00137 0.80146 1.70977),(-0.03088 -2.07270 1.63661),(-0.16521 0.77761 1.98778),(-0.03088 -2.07270 1.63661),(-0.16521 0.77761 1.98778),(-0.22473 1.92136 -0.16104),0.000000,0.000000,0.220724,0.068799,0.982327,true,true,1.000000,0.972929,0.999611,-0.998110
177,2.9333,3,0.9333,pommel,1,grip_normal,(0.13569 -2.04885 1.35860),(0.00137 0.80146 1.70977),(-0.03088 -2.07270 1.63661),(-0.16521 0.77761 1.98778),(-0.03088 -2.07270 1.63661),(-0.16521 0.77761 1.98778),(-0.22473 1.92136 -0.16104),0.000000,0.000000,0.220724,0.068799,0.982327,true,true,1.000000,0.972929,0.999611,-0.998110
178,2.9500,3,0.9500,pommel,1,grip_normal,(0.13569 -2.04885 1.35860),(0.00137 0.80146 1.70977),(-0.03088 -2.07270 1.63661),(-0.16521 0.77761 1.98778),(-0.03088 -2.07270 1.63661),(-0.16521 0.77761 1.98778),(-0.22473 1.92136 -0.16104),0.000000,0.000000,0.220724,0.068799,0.982327,true,true,1.000000,0.972929,0.999611,-0.998110
179,2.9667,3,0.9667,pommel,1,grip_normal,(0.13569 -2.04885 1.35860),(0.00137 0.80146 1.70977),(-0.03088 -2.07270 1.63661),(-0.16521 0.77761 1.98778),(-0.03088 -2.07270 1.63661),(-0.16521 0.77761 1.98778),(-0.22473 1.92136 -0.16104),0.000000,0.000000,0.220724,0.068799,0.982327,true,true,1.000000,0.972929,0.999611,-0.998110
180,2.9833,3,0.9833,pommel,1,grip_normal,(0.13569 -2.04885 1.35860),(0.00137 0.80146 1.70977),(-0.03088 -2.07270 1.63661),(-0.16521 0.77761 1.98778),(-0.03088 -2.07270 1.63661),(-0.16521 0.77761 1.98778),(-0.22473 1.92136 -0.16104),0.000000,0.000000,0.220724,0.068799,0.982327,true,true,1.000000,0.972929,0.999611,-0.998110
181,3.0000,3,1.0000,pommel,1,grip_normal,(0.13569 -2.04885 1.35860),(0.00137 0.80146 1.70977),(-0.03088 -2.07270 1.63661),(-0.16521 0.77761 1.98778),(-0.03088 -2.07270 1.63661),(-0.16521 0.77761 1.98778),(-0.22473 1.92136 -0.16104),0.000000,0.000000,0.220724,0.068799,0.982327,true,true,1.000000,0.972929,0.999611,-0.998110